id,state_id,census_id,Geographic Area Name,Estimate!!Households!!Total,Estimate!!Households!!Median income (dollars),Estimate!!Households!!Mean income (dollars),Estimate!!Families!!Total,Estimate!!Families!!Median income (dollars),Estimate!!Families!!Mean income (dollars),Estimate!!Married-couple families!!Total,Estimate!!Married-couple families!!Median income (dollars),Estimate!!Married-couple families!!Mean income (dollars),Estimate!!Nonfamily households!!Total,Estimate!!Nonfamily households!!Median income (dollars),Estimate!!Nonfamily households!!Mean income (dollars)
1,14,9500000US1700009,"Pinckneyville School District 50, Illinois",2585,51797,71743,1782,67786,88222,1318,75714,N,803,22623,32459
2,14,9500000US1700010,"Beach Park Community Consolidated School District 3, Illinois",7343,72039,82063,5332,73463,90514,4142,84005,N,2011,44436,54974
3,14,9500000US1700065,"Saunemin Community Consolidated School District 438, Illinois",410,62083,85143,334,65714,92956,269,70724,N,76,32500,43575
4,14,9500000US1700077,"Marengo-Union Elementary Consolidated District 165, Illinois",3946,80584,92491,2967,97297,107159,2368,110833,N,979,38968,45142
5,14,9500000US1700103,"New Holland-Middletown Elementary School District 88, Illinois",428,73269,91180,304,78750,105587,243,97188,N,124,38750,49621
6,14,9500000US1700112,"Streator Elementary School District 44, Illinois",7035,45521,58089,4098,62783,71677,3015,68087,N,2937,27268,36136
7,14,9500000US1700119,"North Shore School District 112, Illinois",13472,133526,215004,10023,166195,253147,8882,184299,N,3449,51713,99238
8,14,9500000US1700222,"Nippersink School District 2, Illinois",4094,92984,114730,3202,105603,127893,2828,122500,N,892,44200,60258
9,14,9500000US1700330,"Prairieview-Ogden Community Consolidated School District 197, Illinois",974,83667,95006,705,102750,111558,609,108125,N,269,40852,48897
10,14,9500000US1701381,"La Harpe Community School District 347, Illinois",890,51813,58297,579,63750,71354,527,70125,N,311,23792,33036
11,14,9500000US1701385,"Carthage Elementary School District 317, Illinois",1801,55179,72316,1113,76147,91830,979,78542,N,688,30833,39995
12,14,9500000US1701388,"Dallas Elementary School District 327, Illinois",826,39688,50404,544,52031,58142,401,56250,N,282,26081,33047
13,14,9500000US1701411,"East Coloma-Nelson Consolidated Elementary School District 20, Illinois",1094,61111,70297,705,67663,77255,551,73295,N,389,41458,52165
14,14,9500000US1701419,"Spring Garden Community Consolidated School District 178, Illinois",929,55481,73217,706,62381,82842,587,69219,N,223,26023,39005
15,14,9500000US1703150,"Addison School District 4, Illinois",12890,70967,88490,9032,81936,99882,6651,95685,N,3858,40490,56757
16,14,9500000US1703210,"Akin Community Consolidated School District 91, Illinois",334,45577,60985,257,57188,68618,222,75500,N,77,26250,34664
17,14,9500000US1703270,"Albers School District 63, Illinois",526,82308,91970,404,92857,100706,353,94196,N,122,42143,60428
18,14,9500000US1703420,"Allen Township Community Consolidated School District 65, Illinois",457,80865,86910,333,89306,97032,268,95000,N,124,36250,55845
19,14,9500000US1703480,"Alsip-Hazelgreen-Oaklawn School District 126, Illinois",6728,67225,80584,3977,80801,96082,2818,93397,N,2751,44354,54410
20,14,9500000US1703750,"Anna Community Consolidated School District 37, Illinois",2462,48160,60854,1683,59414,71725,1204,68590,N,779,30585,34511
21,14,9500000US1703840,"Antioch Community Consolidated School District 34, Illinois",8445,94171,107481,6412,107785,118723,5203,117517,N,2033,43750,66878
22,14,9500000US1703900,"Aptakisic-Tripp Community Consolidated School District, Illinois",7516,102302,132313,5173,131813,156850,4572,142679,N,2343,60625,75935
23,14,9500000US1703930,"Arbor Park School District 145, Illinois",5274,70662,84495,3421,76803,92672,2402,94688,N,1853,53708,65100
24,14,9500000US1704050,"Summit School District 104, Illinois",3643,53144,65984,2633,51232,64773,1640,66184,N,1010,42841,51489
25,14,9500000US1704140,"Arlington Heights School District 25, Illinois",19579,109121,139142,13452,134556,167928,11989,143074,N,6127,55434,75089
26,14,9500000US1704200,"Armstrong-Ellis Consolidated School District 61, Illinois",389,68516,94014,290,84167,113698,233,97708,N,99,40313,34664
27,14,9500000US1704340,"Ashley Community Consolidated School District 15, Illinois",950,51184,61519,609,63533,73572,514,68846,N,341,31438,39418
28,14,9500000US1704560,"Atwood Heights School District 125, Illinois",2899,55164,73211,1795,83050,92616,1383,94955,N,1104,31324,38683
29,14,9500000US1704740,"Aviston School District 21, Illinois",975,83015,97859,744,97708,110558,644,107143,N,231,40662,51328
30,14,9500000US1704800,"Avoca School District 37, Illinois",2404,115882,190517,1855,138090,213660,1512,147500,N,549,64125,105346
31,14,9500000US1704950,"Bannockburn School District 106, Illinois",474,126429,225257,405,145469,237485,354,146875,N,69,108438,148374
32,14,9500000US1705160,"Bartelso School District 57, Illinois",407,95438,96560,312,103636,111803,264,107500,N,95,29750,44647
33,14,9500000US1705190,"Bartonville School District 66, Illinois",792,50192,58527,411,66125,69969,311,83125,N,381,40787,42001
34,14,9500000US1705466,"Marseilles Elementary School District 150, Illinois",1820,61531,65463,1235,75239,75220,945,82401,N,585,33924,43447
35,14,9500000US1705570,"Opdyke-Belle Rive Community Consolidated School District 5, Illinois",678,57614,60827,498,63611,66659,390,67841,N,180,32000,42386
36,14,9500000US1705580,"Belle Valley School District 119, Illinois",3493,58718,66723,1942,71487,78790,1257,81738,N,1551,39712,49522
37,14,9500000US1705610,"Belleville School District 118, Illinois",15112,44431,59233,8064,66142,75607,5243,83656,N,7048,30361,38390
38,14,9500000US1705760,"Bellwood School District 88, Illinois",6915,52696,68841,4927,61701,79346,2850,74433,N,1988,26883,36447
39,14,9500000US1705880,"Benjamin School District 25, Illinois",2311,109665,124694,2001,111432,128843,1797,112614,N,310,62000,94880
40,14,9500000US1705910,"Bensenville School District 2, Illinois",6954,69043,86513,4772,85394,98250,3527,99240,N,2182,43873,54430
41,14,9500000US1705950,"Benton Community Consolidated School District 47, Illinois",4138,42816,61096,2466,51552,69260,1754,67222,N,1672,27894,47823
42,14,9500000US1706000,"Berkeley School District 87, Illinois",7234,58657,72635,5151,70307,82776,3377,76335,N,2083,29906,42448
43,14,9500000US1706060,"Berwyn North School District 98, Illinois",7922,61250,74727,5380,71682,82847,3507,85988,N,2542,38910,47774
44,14,9500000US1706090,"Berwyn South School District 100, Illinois",9947,63274,76922,7058,72261,85824,4765,85501,N,2889,35942,49346
45,14,9500000US1706180,"Bethel School District 82, Illinois",478,43281,58782,319,44659,64234,173,62396,N,159,29514,37792
46,14,9500000US1706270,"Big Hollow School District 38, Illinois",5573,86153,94999,3906,95465,103029,2856,106250,N,1667,58050,66967
47,14,9500000US1706450,"Bloomingdale School District 13, Illinois",4904,98761,119966,3505,121344,141899,2989,129757,N,1399,43469,62024
48,14,9500000US1706510,"Cook County School District 130, Illinois",10926,54974,63436,6778,65412,72159,3987,72390,N,4148,37673,45125
49,14,9500000US1706750,"Bourbonnais School District 53, Illinois",8488,70675,87203,5681,90742,103417,4385,101937,N,2807,42371,50064
50,14,9500000US1706840,"Braceville School District 75, Illinois",532,55000,70873,398,58000,76146,306,80000,N,134,41458,44110
51,14,9500000US1706930,"Bradley School District 61, Illinois",4251,52240,61483,2740,58973,69819,1921,70655,N,1511,36004,43991
52,14,9500000US1707010,"Breese School District 12, Illinois",3055,68459,77826,2040,77553,92281,1717,80684,N,1015,29436,47503
53,14,9500000US1707170,"Indian Springs School District 109, Illinois",8720,55120,70356,6117,63445,81189,4162,76212,N,2603,31376,40870
54,14,9500000US1707290,"Lemont-Bromberek Combined School District 113A, Illinois",8833,104350,127012,6962,125167,143983,6130,135169,N,1871,39523,56535
55,14,9500000US1707320,"Brookfield School District 95, Illinois",3987,89622,103431,2718,111115,124005,2219,124271,N,1269,47460,56748
56,14,9500000US1707740,"Buncombe Consolidated School District 43, Illinois",258,54643,66551,206,58182,67986,149,64531,N,52,40625,54667
57,14,9500000US1707860,"Burnham School District 154-5, Illinois",637,41198,53890,363,43646,56440,147,55781,N,274,32500,44361
58,14,9500000US1707980,"Butler School District 53, Illinois",1867,144531,258674,1392,196154,314200,1240,226346,N,475,49450,94719
59,14,9500000US1708100,"Lincoln Elementary School District 156, Illinois",2222,43386,48762,1428,51458,51900,674,61921,N,794,33250,41090
60,14,9500000US1708130,"Calumet Public School District 132, Illinois",4410,46419,56601,2574,55236,67422,1111,83412,N,1836,26862,40787
61,14,9500000US1708310,"Carbon Cliff-Barstow School District 36, Illinois",627,39638,54222,410,51618,60658,272,61667,N,217,36103,36676
62,14,9500000US1708340,"Carbondale Elementary School District 95, Illinois",11119,24822,48318,4163,62177,77676,2763,85553,N,6956,15938,30465
63,14,9500000US1708730,"Cary Community Consolidated School District 26, Illinois",7742,105041,128588,6191,112463,139418,5138,120385,N,1551,50945,77844
64,14,9500000US1708790,"Cass School District 63, Illinois",3105,97163,134001,2009,131435,166398,1602,166250,N,1096,56000,73695
65,14,9500000US1708970,"Center Cass School District 66, Illinois",4795,102975,129071,3456,120523,151643,3077,129417,N,1339,46319,63727
66,14,9500000US1709150,"Central School District 51, Illinois",3723,87067,103461,2750,103389,118943,2331,113030,N,973,46050,54144
67,14,9500000US1709170,"Central School District 104, Illinois",1976,62258,83394,1276,73816,91019,963,94178,N,700,46481,67842
68,14,9500000US1709180,"Central City School District 133, Illinois",967,50766,61996,675,62824,69985,493,68583,N,292,30625,38078
69,14,9500000US1709210,"Lockport School District 91, Illinois",2508,73400,87485,1681,97904,105830,1307,112393,N,827,39453,49741
70,14,9500000US1709270,"Centralia School District 135, Illinois",5665,40024,55699,3086,55705,69054,2082,71500,N,2579,27896,37136
71,14,9500000US1709510,"Chaney-Monge School District 88, Illinois",1518,60102,72155,1054,71167,81079,730,92576,N,464,38793,45786
72,14,9500000US1709540,"Channahon School District 17, Illinois",3470,100776,115924,2893,109345,125146,2621,117468,N,577,53750,64476
73,14,9500000US1709850,"Chester-East Lincoln Community Csd 61, Illinois",1126,72386,87858,801,78250,100004,695,87232,N,325,47266,53650
74,14,9500000US1709960,"Chicago Heights School District 170, Illinois",7812,42964,55063,5061,53586,65386,2642,64310,N,2751,23990,32411
75,14,9500000US1709990,"Chicago Ridge School District 127-5, Illinois",5063,49848,60544,3190,52376,66406,2249,72911,N,1873,32911,45647
76,14,9500000US1710200,"Cicero School District 99, Illinois",22346,49367,62581,17613,52196,65869,10629,60762,72999,4733,28383,38054
77,14,9500000US1710380,"Skokie School District 73-5, Illinois",3238,102059,110229,2603,117025,121233,2096,128977,N,635,52107,63116
78,14,9500000US1710470,"Community Consolidated School District 93, Illinois",11931,89768,104510,8774,102320,116357,7009,111498,N,3157,58346,67859
79,14,9500000US1710690,"Colona School District 190, Illinois",1627,61676,67225,1106,74718,77791,909,77996,N,521,35089,42586
80,14,9500000US1710860,"Cornell Community Consolidated School District 426, Illinois",472,60000,66213,314,64000,70925,237,71750,N,158,42857,46765
81,14,9500000US1710950,"Ford Heights School District 169, Illinois",947,34125,46599,558,33417,55042,141,49663,N,389,27557,33006
82,14,9500000US1711010,"Country Club Hills School District 160, Illinois",4557,65339,74119,3037,79354,84990,1383,102468,N,1520,44464,50586
83,14,9500000US1711220,"Creston Community Consolidated School District 161, Illinois",358,74038,91975,242,86458,107053,187,89034,N,116,52813,59209
84,14,9500000US1711290,"Creve Coeur School District 76, Illinois",2468,52778,72709,1504,55691,87422,976,64904,N,964,37941,43072
85,14,9500000US1711350,"Crystal Lake Community Consolidated School District 47, Illinois",22485,91177,111564,16840,108402,125121,14040,117457,N,5645,52759,66639
86,14,9500000US1711520,"Cypress School District 64, Illinois",356,43750,63544,263,49583,71052,205,57125,N,93,30694,34752
87,14,9500000US1711700,"Dalzell School District 98, Illinois",305,60781,67887,221,78125,76840,176,85385,N,84,32500,39930
88,14,9500000US1711730,"Damiansville School District 62, Illinois",337,70469,86871,243,87750,99962,224,88000,N,94,39000,50263
89,14,9500000US1711910,"Deer Park Community Consolidated School District 82, Illinois",331,71328,118726,250,87917,138648,224,91667,N,81,39583,56883
90,14,9500000US1711980,"Deerfield School District 109, Illinois",7643,156989,211562,6025,181776,242996,5401,196486,N,1618,65833,92242
91,14,9500000US1712120,"Des Plaines Community Consolidated School District 62, Illinois",20027,65767,86180,12915,84495,100862,9859,96244,112807,7112,44094,56378
92,14,9500000US1712150,"De Soto Consolidated School District 86, Illinois",822,44471,58957,553,54940,70427,409,65208,N,269,27454,32853
93,14,9500000US1712210,"Diamond Lake School District 76, Illinois",3120,101273,115386,2576,115000,122979,2168,125430,N,544,55139,74335
94,14,9500000US1712270,"Dimmick Community Consolidated School District 175, Illinois",553,78942,96008,395,90703,106992,351,93558,N,158,53000,68077
95,14,9500000US1712420,"Dolton School District 149, Illinois",10556,48234,60339,6948,54322,69155,2913,79036,N,3608,29870,39719
96,14,9500000US1712450,"Dolton School District 148, Illinois",7912,42393,55051,5137,47115,62102,1891,64750,N,2775,29566,38459
97,14,9500000US1712540,"Downers Grove Grade School District 58, Illinois",20691,97940,127608,13893,130493,160553,11935,140794,N,6798,43758,58130
98,14,9500000US1712840,"Dwight Common School District 232, Illinois",2029,59406,71471,1249,82112,86893,939,94576,N,780,32260,46059
99,14,9500000US1712960,"East Alton School District 13, Illinois",3331,42991,53779,1707,51637,58299,1117,67458,N,1624,26905,44189
100,14,9500000US1713140,"East Maine School District 63, Illinois",16826,65339,85849,11473,81801,98759,8789,90292,N,5353,34691,55297
101,14,9500000US1713170,"East Moline School District 37, Illinois",10653,52697,62013,6399,64858,74919,4406,76802,N,4254,29375,39106
102,14,9500000US1713240,"East Peoria School District 86, Illinois",7549,58258,78079,4593,76845,87851,3926,84421,N,2956,38731,60725
103,14,9500000US1713260,"East Prairie School District 73, Illinois",1399,61496,76704,1147,64975,85529,882,75313,N,252,30250,29775
104,14,9500000US1713440,"Lindop School District 92, Illinois",1635,64452,74594,1222,71205,77981,560,108333,N,413,27112,33037
105,14,9500000US1713770,"Community Consolidated School District 59, Illinois",25473,63863,82214,16585,81719,97796,13009,89371,106821,8888,40513,50827
106,14,9500000US1714160,"Elwood Community Consolidated School District 203, Illinois",1391,83720,94214,973,96339,106012,770,99250,N,418,62212,62382
107,14,9500000US1714220,"Harmony Emge School District 175, Illinois",4392,57746,71662,2456,78688,93140,1753,89401,N,1936,29066,41766
108,14,9500000US1714250,"Emmons School District 33, Illinois",1313,103018,112622,1095,108125,120354,975,116406,N,218,33571,55951
109,14,9500000US1714410,"Eswood Community Consolidated District 269, Illinois",278,69063,82518,212,89000,93134,182,93889,N,66,37083,48223
110,14,9500000US1714460,"Evanston Community Consolidated School District 65, Illinois",30805,82051,134771,17209,124905,184378,13307,152773,N,13596,47615,70459
111,14,9500000US1714550,"Evergreen Park Elementary School District 124, Illinois",6981,75657,90252,4870,91667,105246,3328,106316,N,2111,43561,52955
112,14,9500000US1714640,"Ewing Northern Community Consolidated District 115, Illinois",627,58625,72732,434,76071,86717,370,83333,N,193,27841,38748
113,14,9500000US1714710,"Fairfield Public School District 112, Illinois",2787,43888,53359,1585,59586,67333,1159,70991,N,1202,27944,32890
114,14,9500000US1714760,"Fairmont School District 89, Illinois",1540,47632,58879,873,57135,65222,478,70000,N,667,35509,41966
115,14,9500000US1714820,"Skokie-Fairview School District 72, Illinois",1982,87358,102362,1551,95625,117735,1263,99276,N,431,30845,44932
116,14,9500000US1714940,"Farrington Community Consolidated School District 99, Illinois",222,56447,61923,140,68750,74553,125,78393,N,82,25556,39137
117,14,9500000US1715090,"Field Community Consolidated School District 3, Illinois",944,63793,78266,732,74091,86739,633,77180,N,212,37000,43866
118,14,9500000US1715420,"Flossmoor School District 161, Illinois",7821,91604,126796,5500,101416,143903,4022,126444,N,2321,61169,82627
119,14,9500000US1715450,"Forest Park School District 91, Illinois",6996,62664,84007,3121,93625,118779,2063,122723,N,3875,44599,54640
120,14,9500000US1715480,"Forest Ridge School District 142, Illinois",5940,69456,82396,3684,83750,99064,2684,101146,N,2256,40714,50373
121,14,9500000US1715630,"Fox Lake Grade School District 114, Illinois",3970,52344,71713,2058,77568,93870,1533,87390,N,1912,33741,46282
122,14,9500000US1715660,"Fox River Grove Consolidated School District 3, Illinois",1718,102206,118524,1137,124556,138390,852,127108,N,581,50515,74155
123,14,9500000US1715700,"Frankfort Community Consolidated School District 157C, Illinois",6265,122721,149503,5041,149688,169464,4735,152888,N,1224,54122,64380
124,14,9500000US1715780,"Franklin Park School District 84, Illinois",3494,65000,70819,2421,76436,81861,1694,88947,N,1073,28411,40950
125,14,9500000US1715820,"Freeburg Community Consolidated School District 70, Illinois",2946,75176,98550,2067,100750,121891,1762,116131,N,879,35845,39883
126,14,9500000US1715930,"Fremont School District 79, Illinois",7369,113837,142725,5500,137664,167320,4898,145701,N,1869,42429,66951
127,14,9500000US1716230,"Gardner Community Consolidated School District 72C, Illinois",714,66818,87204,516,76667,98442,455,86354,N,198,45000,55613
128,14,9500000US1716290,"Gavin School District 37, Illinois",2923,70307,83991,2136,92930,94710,1710,96364,N,787,39983,48802
129,14,9500000US1716320,"Geff Community Consolidated School District 14, Illinois",376,52813,64739,229,62386,72904,195,64485,N,147,32375,51916
130,14,9500000US1716530,"Germantown School District 60, Illinois",790,70676,81130,513,80859,92928,399,91563,N,277,46172,52422
131,14,9500000US1716560,"Germantown Hills School District 69, Illinois",2410,98095,131337,1921,113097,145930,1729,120426,N,489,52339,72083
132,14,9500000US1716590,"Giant City Community Consolidated School District 130, Illinois",879,52159,82467,609,78456,102823,484,82955,N,270,23684,36463
133,14,9500000US1716650,"Gifford Community Consolidated School District 188, Illinois",785,74563,85631,560,83833,98952,483,89922,N,225,38393,48605
134,14,9500000US1716800,"Glen Ellyn School District 41, Illinois",10916,109074,153290,8060,146359,182335,6877,167736,N,2856,50619,62189
135,14,9500000US1716860,"Glencoe School District 35, Illinois",3168,248581,364399,2440,"250,000+",440651,2203,"250,000+",N,728,53289,104479
136,14,9500000US1716920,"Glenview Community Consolidated School District 34, Illinois",15326,105429,168560,11153,139583,204936,9563,157031,N,4173,49335,68502
137,14,9500000US1716950,"Brookwood School District 167, Illinois",3728,61658,72647,2596,72222,82818,1429,89393,N,1132,33786,46274
138,14,9500000US1717040,"Woodridge School District 68, Illinois",14251,78336,93021,8236,99979,115463,6398,113214,N,6015,49107,60546
139,14,9500000US1717160,"Gower School District 62, Illinois",4129,106406,156918,2931,135563,197580,2464,151528,N,1198,37135,54311
140,14,9500000US1717190,"Grand Prairie Community Consolidated School District 6, Illinois",347,72321,72814,253,83162,83686,203,87361,N,94,37500,40976
141,14,9500000US1717220,"Grand Ridge Community Consolidated School District 95, Illinois",911,74107,95656,684,87500,104972,590,93500,N,227,37841,66497
142,14,9500000US1717310,"Grant Community Consolidated School District 110, Illinois",2630,68500,95474,1776,88594,121259,1446,99000,N,854,34896,38094
143,14,9500000US1717490,"Grass Lake School District 36, Illinois",1164,79423,100132,728,98068,123193,561,103403,N,436,45000,57911
144,14,9500000US1717520,"Grayslake Consolidated Community School District 46, Illinois",10609,90853,109522,7842,109461,126288,6402,117086,N,2767,44182,56584
145,14,9500000US1717800,"Gurnee School District 56, Illinois",7132,70578,87896,4664,88281,103135,3395,105329,N,2468,46204,54724
146,14,9500000US1717850,"Northbrook Elementary School District 27, Illinois",4445,124668,167872,3490,152235,192491,3154,159755,N,955,49183,77172
147,14,9500000US1718090,"Hampton School District 29, Illinois",1006,70726,86224,700,82600,98137,593,94306,N,306,49286,56472
148,14,9500000US1718360,"Harrison School District 36, Illinois",1942,66274,77401,1108,82867,90912,828,93229,N,834,49868,57498
149,14,9500000US1718450,"Harvey School District 152, Illinois",4939,29558,44806,2988,46016,59272,1296,53875,N,1951,16742,20438
150,14,9500000US1718480,"West Harvey-Dixmoor Public School District 147, Illinois",3825,31494,41742,2251,35531,46794,975,48604,N,1574,20133,31715
151,14,9500000US1718570,"Hawthorn Community Consolidated School District 73, Illinois",11290,94498,123526,8007,116665,143318,6672,132075,N,3283,52417,72861
152,14,9500000US1718600,"Hazel Crest School District 152-5, Illinois",2729,41250,56635,1856,51852,65845,806,75541,N,873,35128,35635
153,14,9500000US1718960,"High Mount School District 116, Illinois",1620,53750,64793,866,79732,84671,598,87045,N,754,28643,39378
154,14,9500000US1719110,"LaGrange Highlands School District 106, Illinois",3602,105858,148344,2561,136250,184241,2259,155810,N,1041,43297,59899
155,14,9500000US1719230,"Hillside School District 93, Illinois",1905,64922,81078,1172,80000,99223,896,91625,N,733,44044,51864
156,14,9500000US1719290,"Hinsdale Community Consolidated School District 181, Illinois",8863,197434,296287,7356,229891,336929,6647,245881,N,1507,63219,93251
157,14,9500000US1719420,"Hollis Consolidated School District 328, Illinois",246,75536,84396,190,83750,97781,176,86667,N,56,36250,36116
158,14,9500000US1719500,"Homer Community Consolidated School District 33C, Illinois",9955,104053,121454,7913,114088,133233,6841,122753,N,2042,46014,64874
159,14,9500000US1719530,"Homewood School District 153, Illinois",6227,71413,85303,4352,89488,98195,2992,106000,N,1875,39427,53474
160,14,9500000US1719680,"Hoover-Schrum Memorial School District 157, Illinois",3093,32739,45301,1615,40952,52551,648,54925,N,1478,24821,34345
161,14,9500000US1720190,"Irvington County Community Unit School District 11, Illinois",378,63409,63965,267,72404,76425,221,75481,N,111,19911,33921
162,14,9500000US1720220,"Itasca School District 10, Illinois",3758,100256,114861,2719,120164,129714,2271,125813,N,1039,54886,71431
163,14,9500000US1720250,"Iuka Community Consolidated School District 7, Illinois",734,55357,64027,512,67250,73645,440,79583,N,222,35400,37887
164,14,9500000US1720370,"Jasper Community Consolidated School District 17, Illinois",666,52708,63701,456,61731,72932,363,68906,N,210,26742,41526
165,14,9500000US1720580,"Joliet Public School District 86, Illinois",28532,49680,59702,18073,56941,67393,11322,69771,81370,10459,32172,42075
166,14,9500000US1720640,"Jonesboro Community Consolidated School District 43, Illinois",1041,52697,62533,717,65938,72366,543,77639,N,324,25132,37947
167,14,9500000US1720880,"Keeneyville School District 20, Illinois",5165,79359,92649,4011,92929,101303,3057,107993,N,1154,46818,54490
168,14,9500000US1720910,"Kell Consolidated School District 2, Illinois",405,64712,73277,317,77847,78758,261,79792,N,88,36875,43418
169,14,9500000US1720970,"Kenilworth School District 38, Illinois",882,226538,321177,736,"250,000+",361149,678,"250,000+",N,146,106786,116429
170,14,9500000US1721030,"Kildeer Countryside Community Consolidated School District 96, Illinois",7562,158008,204848,6589,172922,220532,5906,187817,N,973,62350,89449
171,14,9500000US1721130,"Kings Consolidated School District 144, Illinois",362,71389,80046,255,87813,93060,209,100417,N,107,49583,47211
172,14,9500000US1721180,"Kinnikinnick Community Consolidated School District 131, Illinois",4970,84369,102659,3867,92593,111388,3199,100822,N,1103,50023,63592
173,14,9500000US1721270,"Kirby School District 140, Illinois",12588,86667,102580,9506,104153,115137,8045,115951,N,3082,45846,59559
174,14,9500000US1721420,"Komarek School District 94, Illinois",1969,54676,79739,1243,77155,87277,775,81237,N,726,27800,63536
175,14,9500000US1721450,"Darien School District 61, Illinois",6699,79653,105145,4432,104702,126430,3489,113350,N,2267,48463,61179
176,14,9500000US1721510,"Ladd Community Consolidated School District 94, Illinois",769,62708,78905,524,77917,97293,417,90750,N,245,31302,37388
177,14,9500000US1721600,"LaGrange School District 102, Illinois",9501,106427,142200,6660,137188,171801,5408,157703,N,2841,50553,69078
178,14,9500000US1721630,"LaGrange School District 105, Illinois",4533,63432,106850,2995,84635,133058,2070,118725,166869,1538,37628,53337
179,14,9500000US1721720,"Lake Bluff Elementary School District 65, Illinois",2623,150335,206649,2177,162943,227633,1951,176953,N,446,72632,104225
180,14,9500000US1721750,"Lake Forest School District 67, Illinois",6845,170762,270732,5083,231410,320208,4665,"250,000+",N,1762,57075,126488
181,14,9500000US1721870,"Lake Villa Community Consolidated School District 41, Illinois",8330,94515,108554,6066,110894,124491,4987,118896,N,2264,51250,62226
182,14,9500000US1722020,"Lansing School District 158, Illinois",8719,52713,69346,5345,64205,75265,3134,87042,N,3374,38904,57515
183,14,9500000US1722050,"Laraway Community Consolidated School District 70C, Illinois",975,50234,72644,608,52436,81286,356,70588,N,367,38787,52445
184,14,9500000US1722080,"LaSalle Elementary School District 122, Illinois",3623,46817,58607,2026,53563,69659,1316,68590,N,1597,33614,41896
185,14,9500000US1722800,"Libertyville School District 70, Illinois",6688,138581,185307,5024,168056,216662,4355,187950,N,1664,51771,88992
186,14,9500000US1722860,"Lick Creek Community Consolidated School District 16, Illinois",633,58438,94618,406,71944,111569,358,81786,N,227,36875,64302
187,14,9500000US1722920,"Limestone Walters Community Consolidated School District 316, Illinois",724,84113,104559,611,90625,113655,543,100417,N,113,42083,50938
188,14,9500000US1722980,"Lincoln Elementary School District 27, Illinois",5248,47675,60973,2950,60890,72941,2241,75466,N,2298,30089,43744
189,14,9500000US1723090,"Lincolnshire-Prairieview School District 103, Illinois",4766,170150,204262,3952,199464,226574,3592,212442,N,814,53929,91042
190,14,9500000US1723100,"Lincolnwood School District 74, Illinois",4298,95030,124036,3181,111510,140894,2753,119613,N,1117,41851,74790
191,14,9500000US1723160,"Lisbon Community Consolidated School District 90, Illinois",293,85982,92209,240,88889,96874,212,92045,N,53,61875,66811
192,14,9500000US1723460,"Lombard School District 44, Illinois",13763,83449,101584,8664,105076,120618,6738,114087,N,5099,49939,67249
193,14,9500000US1723700,"Ludlow Community Consolidated School District 142, Illinois",331,61750,75847,209,78438,91723,164,96429,N,122,44423,46504
194,14,9500000US1723730,"Will County School District 92, Illinois",4958,97478,111418,4002,107675,121572,3347,121076,N,956,45862,66558
195,14,9500000US1723850,"Lyons School District 103, Illinois",7917,65450,76711,5201,75961,87026,3401,88984,N,2716,36258,53863
196,14,9500000US1724000,"Maercker School District 60, Illinois",7722,72083,107173,4163,108246,148470,3401,114604,N,3559,47944,56666
197,14,9500000US1724120,"Malden Community Consolidated School District 84, Illinois",267,58472,70053,175,75375,81019,137,77375,N,92,34750,46805
198,14,9500000US1724270,"Manhattan School District 114, Illinois",3228,104351,106479,2562,111447,115880,2137,118304,N,666,53850,65833
199,14,9500000US1724330,"Mannheim School District 83, Illinois",6664,62029,75407,4742,75000,86356,3382,85974,N,1922,38429,44253
200,14,9500000US1724420,"Northbrook/Glenview School District 30, Illinois",4625,116849,155708,3264,150000,190356,2977,159954,N,1361,56875,71395
201,14,9500000US1724720,"Prairie-Hills Elementary School District 144, Illinois",7425,53315,63751,5007,62653,69995,2692,83237,N,2418,38692,46608
202,14,9500000US1724780,"Marquardt School District 15, Illinois",9214,61653,76955,6090,68417,84953,4393,81674,N,3124,43733,56672
203,14,9500000US1725020,"Matteson Elementary School District 162, Illinois",9179,68174,82684,5973,87174,98254,3702,107342,N,3206,34753,52459
204,14,9500000US1725110,"Maywood-Melrose Park-Broadview School District 89, Illinois",14204,53899,65622,9551,61985,72500,5262,70540,83701,4653,32995,45106
205,14,9500000US1725190,"Mazon-Verona-Kinsman Elementary School District 2C, Illinois",1075,64844,85973,832,73875,95541,659,88750,N,243,40875,45209
206,14,9500000US1725260,"McClellan Community Consolidated School District 12, Illinois",405,59063,74494,284,69531,82348,239,71625,N,121,31908,54872
207,14,9500000US1725290,"McHenry Community Consolidated School District 15, Illinois",16100,74019,91596,11159,89727,106704,9011,100047,117952,4941,37941,52653
208,14,9500000US1725500,"Medinah School District 11, Illinois",2978,80160,104707,1859,100107,129441,1548,106304,N,1119,47801,62251
209,14,9500000US1725620,"Mendota Community Consolidated School District 289, Illinois",4013,63268,79297,2675,74805,85336,1921,86328,N,1338,41369,61442
210,14,9500000US1725740,"Metamora Community Consolidated School District 1, Illinois",2626,77106,103734,1888,92656,123809,1598,105956,N,738,43833,51204
211,14,9500000US1725920,"Midlothian School District 143, Illinois",5371,54528,67623,3577,74066,82195,2456,85857,N,1794,26122,36179
212,14,9500000US1726100,"Millburn Community Consolidated School District 24, Illinois",2660,135595,146647,2131,152267,163040,1889,159283,N,529,71250,79418
213,14,9500000US1726190,"Millstadt Consolidated Community School District 160, Illinois",3507,79627,94542,2544,103000,107002,2011,109250,N,963,31903,57127
214,14,9500000US1726250,"Miller Township Community Consolidated School District, Illinois",924,76000,87448,669,91733,101051,590,93523,N,255,32750,50415
215,14,9500000US1726310,"Minooka Community Consolidated School District 201, Illinois",8423,91180,105559,6652,96927,115408,5757,106980,N,1771,52049,64505
216,14,9500000US1726370,"Mokena School District 159, Illinois",6360,104583,119143,4600,125786,138880,3925,134330,N,1760,59900,65006
217,14,9500000US1726490,"Monroe School District 70, Illinois",1217,75550,88253,819,90027,95500,667,91553,N,398,57955,71534
218,14,9500000US1726590,"Montmorency Community Consolidated School District 145, Illinois",1056,65481,82466,795,80580,82975,665,89097,N,261,32371,77584
219,14,9500000US1726610,"Morris School District 54, Illinois",5203,65662,77897,3225,81563,90983,2382,89722,N,1978,44762,53656
220,14,9500000US1726820,"Golf Elementary School District 67, Illinois",2334,80586,97871,1688,86932,107043,1451,87656,N,646,51429,73002
221,14,9500000US1726850,"Morton Grove School District 70, Illinois",3713,84225,98963,2544,102365,120837,2194,107375,N,1169,35649,46478
222,14,9500000US1727210,"Mount Prospect School District 57, Illinois",7902,106090,124412,5860,123575,143256,5060,130000,N,2042,50183,69387
223,14,9500000US1727340,"Mount Vernon School District 80, Illinois",5974,40356,60123,3429,47396,72528,1992,65106,N,2545,26551,40916
224,14,9500000US1727540,"Mundelein Elementary School District 75, Illinois",5051,96121,111770,3921,103656,118533,3290,109364,N,1130,61932,84716
225,14,9500000US1727720,"Nashville Consolidated Community School District 49, Illinois",2500,60588,80562,1708,80167,93453,1343,90507,N,792,38409,47662
226,14,9500000US1727930,"Nettle Creek Community Consolidated School District 24C, Illinois",398,117500,152207,314,135833,167519,273,148125,N,84,82500,93168
227,14,9500000US1728110,"New Hope Community Consolidated School District 6, Illinois",669,53456,65975,468,61354,77374,392,67969,N,201,31458,36118
228,14,9500000US1728140,"New Lenox School District 122, Illinois",13853,108049,128353,11103,123397,141453,9665,131463,N,2750,56329,71294
229,14,9500000US1728160,"New Simpson Hill Consolidated District 32, Illinois",838,50114,71037,614,54457,77427,512,65556,N,224,25921,30767
230,14,9500000US1728270,"Newark Community Consolidated School District 66, Illinois",1017,82813,94983,804,89868,103200,629,98958,N,213,52250,55866
231,14,9500000US1728500,"Niles Elementary School District 71, Illinois",2855,59508,72435,1787,77050,85780,1414,80500,N,1068,33472,49965
232,14,9500000US1728650,"Norridge School District 80, Illinois",4570,73551,93641,3308,91389,107104,2487,96055,N,1262,37143,55717
233,14,9500000US1728890,"North Palos School District 117, Illinois",9916,63242,79974,6856,71397,89074,4888,82136,N,3060,42961,55154
234,14,9500000US1728920,"North Pekin-Marquette Heights School District 102, Illinois",2034,59543,75884,1484,66023,83887,1052,85139,N,550,38443,46734
235,14,9500000US1728980,"Northbrook School District 28, Illinois",5333,123232,174595,3936,148141,210719,3569,161106,N,1397,43060,72811
236,14,9500000US1729040,"Norwood Elementary School District 63, Illinois",1254,48500,69944,855,56250,70645,616,63804,N,399,40096,65136
237,14,9500000US1729100,"Oak Grove School District 68 (Peoria County), Illinois",1723,52412,59728,1099,58262,67736,737,76168,N,624,41818,42787
238,14,9500000US1729130,"Oak Grove School District 68 (Lake County), Illinois",2707,115625,181810,1970,151800,207075,1759,166953,N,737,61723,113277
239,14,9500000US1729190,"Oak Lawn-Hometown School District 123, Illinois",13389,64974,83101,8354,87296,101273,6062,103381,N,5035,41617,50406
240,14,9500000US1729250,"Oak Park Elementary School District 97, Illinois",21603,94646,133860,12819,138068,176118,9904,160773,N,8784,52014,69172
241,14,9500000US1729310,"Oakdale Community Consolidated School District 1, Illinois",278,69286,79259,175,81875,92286,147,95417,N,103,50625,52045
242,14,9500000US1729520,"Odell Community Consolidated School District 435, Illinois",506,61296,85887,360,78125,94300,271,83029,N,146,31184,59166
243,14,9500000US1729670,"Oglesby Elementary School District 125, Illinois",2001,55321,66700,1281,70321,77748,957,82958,N,720,30395,43038
244,14,9500000US1729700,"Ohio Community Consolidated School District 17, Illinois",352,57500,74411,199,72917,79681,167,78542,N,153,39792,66661
245,14,9500000US1729760,"O'Fallon Community Consolidated School District 90, Illinois",11120,93467,112755,8239,113138,131953,6763,123962,N,2881,45838,55477
246,14,9500000US1730220,"Orland School District 135, Illinois",20924,93503,115553,15522,108556,130249,13074,118246,N,5402,54496,71463
247,14,9500000US1730300,"Ottawa Elementary School District 141, Illinois",8218,53161,68815,5102,67722,82941,3566,84653,N,3116,31724,43429
248,14,9500000US1730420,"Palatine Community Consolidated School District 15, Illinois",45393,85837,114450,30457,105956,134361,24337,119504,N,14936,54895,70173
249,14,9500000US1730510,"Community Consolidated School District 180, Illinois",2275,73750,129029,1809,63341,129992,940,126964,N,466,47250,82593
250,14,9500000US1730570,"Palos Heights School District 128, Illinois",4015,79203,103247,2696,101706,127001,2194,117644,N,1319,47969,53410
251,14,9500000US1730600,"Palos Community Consolidated School District 118, Illinois",9581,81979,107624,6409,107679,130636,5542,115073,N,3172,35307,57785
252,14,9500000US1730810,"Park Forest School District 163, Illinois",6019,48744,56805,3288,57687,69042,1514,75250,N,2731,33144,38889
253,14,9500000US1730840,"Park Ridge Consolidated Community School District 64, Illinois",15112,112731,146467,10779,141704,174655,9188,147951,N,4333,55304,74345
254,14,9500000US1730900,"General George Patton School District 133, Illinois",703,26815,43531,391,41027,58665,121,61625,N,312,16726,21910
255,14,9500000US1731080,"Pekin Public School District108, Illinois",13892,51390,63146,8186,64672,78747,5881,80128,N,5706,32443,38533
256,14,9500000US1731140,"Pembroke Consolidated Community School District 259, Illinois",628,29674,40399,371,43438,52809,203,55156,N,257,15820,21341
257,14,9500000US1731200,"Pennoyer School District 79, Illinois",2251,78087,94183,1540,93333,109949,1272,98171,N,711,43875,56692
258,14,9500000US1731380,"Peru Elementary School District 124, Illinois",4344,51786,71043,2499,71390,91753,1899,81159,N,1845,30493,40978
259,14,9500000US1731560,"Community Consolidated School District 204, Illinois",705,66985,74433,524,79853,86633,415,85060,N,181,32054,34511
260,14,9500000US1731860,"Pleasant Hill School District 69, Illinois",653,43897,49949,491,43958,48749,243,54306,N,162,39500,45243
261,14,9500000US1731950,"Pleasant Valley School District 62, Illinois",1837,39209,51423,862,53521,70397,579,65787,N,975,18493,30747
262,14,9500000US1732040,"Pleasantdale School District 107, Illinois",2992,128500,172865,2209,157279,194548,1964,171563,N,783,73321,111127
263,14,9500000US1732090,"Potomac Community Unit School District 10, Illinois",479,54063,66758,317,66875,77013,246,82361,N,162,40000,43052
264,14,9500000US1732160,"Pontiac Community Consolidated School District 429, Illinois",4936,47119,62654,3134,61976,72598,1998,79085,N,1802,29500,43058
265,14,9500000US1732190,"Pontiac-William Holliday School District 105, Illinois",3780,60081,73808,2134,77292,93266,1592,89884,N,1646,41314,46941
266,14,9500000US1732370,"Posen-Robbins Elementary School District 143-5, Illinois",4022,36923,51654,2590,49825,61301,1421,61127,N,1432,19890,31036
267,14,9500000US1732490,"Prairie du Rocher Community Consolidated School District 134, Illinois",329,57969,64322,219,67750,72928,185,69417,N,110,37273,45481
268,14,9500000US1732520,"Prairie Grove Community School District 46, Illinois",2636,105616,136487,2128,111016,140461,1863,119245,N,508,61875,114059
269,14,9500000US1732550,"Prairie Hill Community Consolidated School District 133, Illinois",1669,108295,130874,1484,112656,140246,1292,120890,N,185,-,52972
270,14,9500000US1732670,"Princeton Elementary School District 115, Illinois",4972,58305,73306,3267,75358,87970,2514,85722,N,1705,31990,42985
271,14,9500000US1732850,"Prospect Heights School District 23, Illinois",7447,77083,107065,5048,95466,127016,4187,106341,N,2399,50899,60426
272,14,9500000US1732970,"Queen Bee School District 16, Illinois",5497,82656,95448,4117,88589,101029,3053,98835,N,1380,63762,73128
273,14,9500000US1733030,"Raccoon Consolidated School District 1, Illinois",926,58906,70705,676,69167,79887,575,73750,N,250,37353,45652
274,14,9500000US1733120,"Rankin Community School District 98, Illinois",907,65825,80882,598,83636,96731,492,97885,N,309,50583,47219
275,14,9500000US1733210,"Rantoul City School District 137, Illinois",4809,41879,54468,2881,46890,59388,1600,65116,N,1928,30443,44496
276,14,9500000US1733390,"Rhodes School District 84-5, Illinois",1580,43011,62532,1126,55000,72358,741,87574,N,454,23869,28057
277,14,9500000US1733450,"Richland School District 88A, Illinois",4632,54628,67321,2483,66875,81800,1815,83472,N,2149,37525,48193
278,14,9500000US1733690,"Ridgeland School District 122, Illinois",7391,53901,69649,5290,68302,80454,4011,74464,N,2101,30815,39662
279,14,9500000US1733750,"Riley Community Consolidated School District 18, Illinois",926,110417,136389,795,109821,133164,669,135528,N,131,-,141860
280,14,9500000US1733810,"River Forest School District 90, Illinois",3971,129928,228127,2824,191293,282063,2504,203438,N,1147,73603,94624
281,14,9500000US1733840,"River Grove School District 85-5, Illinois",2947,57114,67821,1930,66127,76189,1444,77722,N,1017,32768,50074
282,14,9500000US1733870,"River Trails School District 26, Illinois",5454,92135,110335,4301,111423,126730,3682,114703,N,1153,34401,45612
283,14,9500000US1733990,"Riverside School District 96, Illinois",4972,86312,119560,3561,118229,142602,2739,128902,N,1411,52218,58217
284,14,9500000US1734110,"Riverview Consolidated Community School District 2, Illinois",1092,60345,77267,776,78750,88612,630,82344,N,316,30227,47496
285,14,9500000US1734170,"Robein School District 85, Illinois",862,62576,74573,608,66765,82066,454,79750,N,254,45833,53001
286,14,9500000US1734260,"Rochelle Community Consolidated District 231, Illinois",5273,54292,67851,3431,66060,78056,2554,72188,N,1842,29007,44746
287,14,9500000US1734350,"Rock Falls Elementary School District 13, Illinois",3611,48282,62796,2194,55993,73180,1432,70066,N,1417,32166,42598
288,14,9500000US1734470,"Rockdale School District 84, Illinois",812,54000,67146,517,68102,77085,320,72500,N,295,38365,47058
289,14,9500000US1734540,"Rockton School District 140, Illinois",4679,81993,88854,3503,91284,97507,2788,100248,N,1176,39138,57451
290,14,9500000US1734590,"Rome Community Consolidated School District 2, Illinois",1102,58462,73770,696,83500,96473,581,91027,N,406,26184,32401
291,14,9500000US1734620,"Rondout School District 72, Illinois",539,159583,213509,445,177917,230651,406,198333,N,94,41667,122104
292,14,9500000US1734650,"Rooks Creek Community Consolidated School District 425, Illinois",207,91635,96533,151,97031,113385,126,108750,N,56,38750,47284
293,14,9500000US1734710,"Roselle School District 12, Illinois",2629,96891,108442,1780,117917,131624,1534,128393,N,849,45491,55295
294,14,9500000US1734740,"Schaumburg Community Consolidated School District 54, Illinois",49449,82625,97464,34316,93382,110494,27349,104807,121595,15133,54556,64774
295,14,9500000US1734770,"Rosemont Elementary School District 78, Illinois",950,60662,85689,522,83214,114280,452,94167,N,428,42955,50760
296,14,9500000US1735100,"Rutland Community Consolidated School District 230, Illinois",326,63906,93409,194,84375,116160,179,85208,N,132,56667,59891
297,14,9500000US1735160,"Salem School District 111, Illinois",3688,43402,55369,2265,54387,63142,1615,67087,N,1423,24363,38562
298,14,9500000US1735220,"Salt Creek School District 48, Illinois",3784,80516,90737,2055,98201,108770,1721,99754,N,1729,54724,68810
299,14,9500000US1735340,"Sandridge School District 172, Illinois",1440,58306,71175,1030,70217,86403,415,76131,N,410,26563,32750
300,14,9500000US1735400,"Saratoga Community Consolidated School District 60C, Illinois",2399,78311,96366,1801,96358,106468,1341,112159,N,598,58750,65551
301,14,9500000US1735460,"Community Consolidated School District 168, Illinois",3239,38447,56357,2302,45302,59127,877,75355,N,937,24663,39636
302,14,9500000US1735640,"Schiller Park School District 81, Illinois",4832,54837,66063,3450,61335,74732,2526,63404,N,1382,36411,42432
303,14,9500000US1735770,"Selmaville Community Consolidated School District 10, Illinois",774,64762,78227,494,86667,94880,405,96202,N,280,34000,47209
304,14,9500000US1735820,"Seneca Community Consolidated School District 170, Illinois",1252,75313,83427,1026,79286,88715,751,91250,N,226,41750,56768
305,14,9500000US1736210,"Shiloh Village School District 85, Illinois",2030,88571,129816,1279,98750,162108,1115,108807,N,751,46047,67288
306,14,9500000US1736240,"Shirland Community Consolidated School District 134, Illinois",546,81923,98055,414,95833,111898,385,96875,N,132,48636,53438
307,14,9500000US1736300,"Elementary School District 159, Illinois",7930,79873,88317,4888,103252,106841,3543,122638,N,3042,43723,54699
308,14,9500000US1736330,"Signal Hill School District 181, Illinois",1220,67500,91149,821,93542,110117,616,104535,N,399,42279,49805
309,14,9500000US1736360,"Silvis School District 34, Illinois",2017,56551,64262,1349,65590,71233,727,84531,N,668,31667,46833
310,14,9500000US1736450,"Skokie School District 68, Illinois",7478,70860,98597,4976,81791,110344,3906,93542,N,2502,43618,72547
311,14,9500000US1736480,"Skokie School District 69, Illinois",6598,54783,79512,4645,68734,93934,3463,77254,N,1953,31699,41602
312,14,9500000US1736510,"Smithton Community Consolidated School District 130, Illinois",1804,78854,96557,1283,94676,110063,1147,108625,N,521,47933,61907
313,14,9500000US1736720,"South Holland School District 150, Illinois",3486,71750,83412,2359,86932,96049,1420,104821,N,1127,43516,53820
314,14,9500000US1736750,"South Holland School District 151, Illinois",4518,53673,64652,3325,63614,71969,1522,80435,N,1193,34171,38182
315,14,9500000US1736780,"South Pekin School District 137, Illinois",644,48563,56743,493,50179,57970,324,56875,N,151,40417,46383
316,14,9500000US1736810,"Burbank School District 111, Illinois",9589,62405,80276,7068,71758,90956,5233,80079,N,2521,37078,43323
317,14,9500000US1736840,"South Wilmington Consolidated School District 74, Illinois",389,77969,87060,263,85250,97338,227,87250,N,126,51250,56198
318,14,9500000US1737020,"Spring Lake Community Consolidated School District 606, Illinois",282,67969,70735,213,73750,78662,162,82857,N,69,37813,40226
319,14,9500000US1737050,"Spring Valley Community Consolidated School District 99, Illinois",2448,50571,66014,1577,61528,77458,1121,74233,N,871,31549,42682
320,14,9500000US1737120,"St. Anne Consolidated Community School District 256, Illinois",1068,53409,65778,714,66786,76442,540,76053,N,354,35313,41455
321,14,9500000US1737320,"St. George Community Consolidated School District 258, Illinois",1249,105424,103532,959,111563,116530,754,123929,N,290,46250,54263
322,14,9500000US1737380,"St. Joseph Community Consolidated School District 169, Illinois",2177,90734,92827,1709,99196,104455,1285,110705,N,468,30385,45782
323,14,9500000US1737440,"St. Libory Consolidated School District 30, Illinois",332,68214,82461,245,76042,93070,225,78875,N,87,53125,52440
324,14,9500000US1737470,"St. Rose School District 14-15, Illinois",510,78750,95291,390,98750,112225,339,102411,N,120,35833,38578
325,14,9500000US1737680,"Steger School District 194, Illinois",5929,49592,61012,3510,70417,74625,2293,85372,N,2419,27489,39258
326,14,9500000US1737800,"Steward Elementary School District 220, Illinois",250,70714,83247,178,87778,92746,160,88611,N,72,33000,55379
327,14,9500000US1737860,"Central Stickney School District 110, Illinois",865,70787,83496,674,73269,89149,426,92000,N,191,37386,54226
328,14,9500000US1738190,"Summersville School District 79, Illinois",845,44453,61536,501,77083,76348,368,88611,N,344,28250,38469
329,14,9500000US1738220,"Summit Hill School District 161, Illinois",7520,110330,125852,6410,119135,133837,5406,130074,N,1110,67799,74408
330,14,9500000US1738370,"Sunnybrook School District 171, Illinois",4307,57928,71571,2904,78611,85967,1747,103797,N,1403,31296,39182
331,14,9500000US1738400,"Sunset Ridge School District 29, Illinois",1605,182083,271763,1205,221649,327080,1153,222446,N,400,70263,105118
332,14,9500000US1738520,"Taft School District 90, Illinois",1180,69486,84196,782,82500,97772,527,94306,N,398,50682,53797
333,14,9500000US1738550,"Tamaroa School District 5, Illinois",391,57361,66331,244,66250,80520,169,84063,N,147,23672,40080
334,14,9500000US1738790,"Thomasboro Community Consolidated School District 130, Illinois",749,51058,65774,494,59135,74893,340,81458,N,255,33813,43535
335,14,9500000US1738910,"Thornton School District 154, Illinois",1286,66081,75542,829,84095,91446,575,96750,N,457,33203,42200
336,14,9500000US1739030,"Community Consolidated School District 146, Illinois",11005,65252,84779,6647,81632,100570,5100,97685,N,4358,44245,58799
337,14,9500000US1739180,"Tonica Community Consolidated School District 79, Illinois",684,67500,75363,463,80893,87483,372,87500,N,221,40795,46270
338,14,9500000US1739510,"Troy Community Consolidated School District 30C, Illinois",13089,88509,102468,9310,102154,115874,7350,113351,N,3779,44756,60025
339,14,9500000US1739660,"Union School District 81, Illinois",509,76477,93621,392,89500,100879,290,99167,N,117,34519,54935
340,14,9500000US1739780,"Union Ridge School District 86, Illinois",2354,54328,68990,1463,69207,80315,1138,76875,N,891,31250,48818
341,14,9500000US1739930,"Unity Point Community Consolidated School District 140, Illinois",2294,43534,70757,1274,74113,98396,928,89052,N,1020,23185,35078
342,14,9500000US1740260,"Vienna School District 55, Illinois",1457,49732,64426,930,60250,77675,731,68897,N,527,25764,40022
343,14,9500000US1740350,"Villa Park School District 45, Illinois",13908,76957,90322,9389,89080,101792,7367,96512,N,4519,49375,62621
344,14,9500000US1740500,"Glen Ellyn Community Consolidated School District 89, Illinois",9381,87215,116601,6240,109821,142512,5248,122672,N,3141,51118,63735
345,14,9500000US1740530,"Wallace Community Consolidated School District 195, Illinois",1271,73105,86655,878,86029,97515,672,111364,N,393,33250,62053
346,14,9500000US1740620,"Waltham Community Consolidated School District 185, Illinois",990,79688,96863,727,92650,111556,641,96250,N,263,40156,54176
347,14,9500000US1740680,"North Wamac School District 186, Illinois",394,32214,49630,279,32056,55110,165,44083,N,115,24659,34111
348,14,9500000US1741010,"District 50 Schools, Illinois",2630,54091,61857,1697,61875,71142,1196,69797,N,933,31382,43277
349,14,9500000US1741040,"Washington School District 52, Illinois",3329,74844,94810,2372,92353,109446,2024,100625,N,957,45368,57131
350,14,9500000US1741520,"Calumet City School District 155, Illinois",3688,52265,66105,2606,54579,69384,1310,70153,N,1082,43125,49708
351,14,9500000US1741550,"West Chicago School District 33, Illinois",9166,78304,94881,6840,88036,103444,5318,100135,N,2326,53889,66225
352,14,9500000US1741600,"West Lincoln-Broadwell Elementary School District 92, Illinois",760,83235,111527,575,101528,129392,544,104688,N,185,41750,52029
353,14,9500000US1741700,"West Northfield School District 31, Illinois",4029,76732,125904,2588,101154,155335,2047,122090,N,1441,46453,69611
354,14,9500000US1741790,"Westchester School District 92-5, Illinois",6079,86305,92733,4013,103776,109438,3215,111691,N,2066,48174,58232
355,14,9500000US1741820,"Western Springs School District 101, Illinois",3236,179079,225062,2739,191979,246245,2531,200993,N,497,58264,108159
356,14,9500000US1742210,"Wheeling Community Consolidated School District 21, Illinois",25540,75699,94746,16848,91799,108953,13516,100451,N,8692,49717,64065
357,14,9500000US1742300,"Whiteside School District 115, Illinois",5529,80430,95249,4041,97614,109052,2915,122450,N,1488,42113,52599
358,14,9500000US1742510,"Willow Grove School District 46, Illinois",725,49948,59370,438,58594,64197,311,69188,N,287,37411,49614
359,14,9500000US1742570,"Willow Springs School District 108, Illinois",1785,62264,74401,1024,71429,83174,749,84345,N,761,44899,61521
360,14,9500000US1742600,"Wilmette School District 39, Illinois",9410,169241,248677,7314,203750,293312,6730,214817,N,2096,54631,92594
361,14,9500000US1742720,"Winfield School District 34, Illinois",1951,93922,111856,1228,121979,134269,997,124280,N,723,62440,71903
362,14,9500000US1742840,"Winnetka School District 36, Illinois",3960,246500,371021,3238,"250,000+",413615,3036,"250,000+",N,722,69167,178365
363,14,9500000US1742900,"Winthrop Harbor School District 1, Illinois",2577,86034,100858,1911,98711,110421,1550,100893,N,666,47917,66310
364,14,9500000US1742960,"Wolf Branch School District 113, Illinois",3151,90302,124981,2159,107337,151428,1859,119816,N,992,52917,62240
365,14,9500000US1743020,"Wood Dale School District 7, Illinois",3566,67331,84307,2543,73045,87280,1931,85191,N,1023,56289,71236
366,14,9500000US1743050,"Wood River-Hartford Elementary School District 15, Illinois",2511,51569,58882,1477,58142,68060,1018,74402,N,1034,26374,39068
367,14,9500000US1743110,"Woodland Community Consolidated School District 50, Illinois",17786,98587,125243,13003,119911,142423,10474,133232,N,4783,59100,73367
368,14,9500000US1743380,"Worth School District 127, Illinois",4071,60605,69813,2701,69606,80960,2022,78938,N,1370,35467,45182
369,14,9500000US1743860,"Zion Elementary School District 6, Illinois",5481,45898,59057,3905,53781,65247,2105,70163,N,1576,25188,37797
370,14,9500000US1799002,"Bluford Unit School District 318 (KG-8) in Mount Vernon, Illinois",178,85000,83604,132,102917,99234,128,103194,N,46,37500,38752
371,14,9500000US1799003,"Woodlawn Unit District 209 (KG-8) in Mount Vernon, Illinois",187,83125,95327,126,103125,115397,117,105938,N,61,53603,53872
372,14,9500000US1799007,"Woodlawn Unit District 209 (KG-8) in Nashville, Illinois",4,-,N,4,-,N,4,-,N,0,-,-
373,14,9500000US1799999,"Remainder of Illinois, Illinois",3079395,62000,87003,1903693,77872,103580,1373053,95528,122520,1175702,38148,57102
